{
  "dataset": "apache",
  "adjusted_score": 0.7334204459318383,
  "PD": 0.6666666464646471,
  "PF": 0.12499999609375013,
  "FIR": 0.8461538136094686,
  "Balance": 0.7482698631445153,
  "params": {
    "d_block": 128,
    "n_blocks": 1,
    "degree": 5,
    "k": 2,
    "batch_size": 256,
    "lr": 0.0071843109251332644
  },
  "Model_Params": 4307,
  "InferenceTotal(ms)": 1.5405333439509075
}