{
  "dataset": "EQ",
  "adjusted_score": 0.7474818627988736,
  "PD": 0.8604650962682536,
  "PF": 0.276923072662722,
  "FIR": 0.6727272604958681,
  "Balance": 0.78073260897663,
  "params": {
    "d_block": 64,
    "n_blocks": 2,
    "degree": 2,
    "k": 2,
    "batch_size": 64,
    "lr": 0.003287917537918513
  },
  "Model_Params": 9204,
  "InferenceTotal(ms)": 3.78111998240153
}