{
  "dataset": "JDT",
  "adjusted_score": 0.7761463324344278,
  "PD": 0.8115941911363161,
  "PF": 0.14068441011146612,
  "FIR": 0.6021505311596718,
  "Balance": 0.8337338698622143,
  "params": {
    "d_block": 64,
    "n_blocks": 1,
    "degree": 2,
    "k": 4,
    "batch_size": 256,
    "lr": 0.007141378902337064
  },
  "Model_Params": 4976,
  "InferenceTotal(ms)": 6.176362673441569
}