{
  "dataset": "LC",
  "adjusted_score": 0.7079321532833216,
  "PD": 0.6666666349206364,
  "PF": 0.14354066916966188,
  "FIR": 0.3181818109504134,
  "Balance": 0.7433727840029369,
  "params": {
    "d_block": 64,
    "n_blocks": 1,
    "degree": 4,
    "k": 2,
    "batch_size": 256,
    "lr": 0.0007259457479364282
  },
  "Model_Params": 4718,
  "InferenceTotal(ms)": 2.401045322418213
}