{
  "dataset": "safe",
  "adjusted_score": 0.7362256654968293,
  "PD": 0.9999998571428775,
  "PF": 0.09090908264462885,
  "FIR": 0.8749998906250137,
  "Balance": 0.9357175711904553,
  "params": {
    "d_block": 256,
    "n_blocks": 2,
    "degree": 4,
    "k": 8,
    "batch_size": 64,
    "lr": 0.00014429747719447978
  },
  "Model_Params": 82779,
  "InferenceTotal(ms)": 1.7051732937494914
}