{
  "dataset": "zxing",
  "adjusted_score": 0.625866636733435,
  "PD": 0.717948699539777,
  "PF": 0.3510638260525125,
  "FIR": 0.45901638591776417,
  "Balance": 0.6815673179038215,
  "params": {
    "d_block": 256,
    "n_blocks": 2,
    "degree": 2,
    "k": 8,
    "batch_size": 256,
    "lr": 0.0027192105130850203
  },
  "Model_Params": 82215,
  "InferenceTotal(ms)": 3.8062826792399087
}