{
  "dataset": "apache",
  "score": 0.7294837324661735,
  "PD": 0.6874999785156257,
  "PF": 0.1874999941406252,
  "FIR": 0.7857142576530622,
  "Balance": 0.7423058875037414,
  "params": {
    "d_block": 128,
    "n_blocks": 1,
    "degree": 4,
    "batch_size": 256,
    "lr": 0.006771488189669578
  },
  "KAN_Params": 3715,
  "input_dim": 26,
  "InferenceTotal(ms)": 2.0585172971089682
}