{
  "dataset": "EQ",
  "score": 0.7453452135481532,
  "PD": 0.8139534694429427,
  "PF": 0.24615384236686397,
  "FIR": 0.6862744963475589,
  "Balance": 0.7818199990325775,
  "params": {
    "d_block": 256,
    "n_blocks": 2,
    "degree": 4,
    "batch_size": 128,
    "lr": 0.0010717149485399498
  },
  "KAN_Params": 83506,
  "input_dim": 61,
  "InferenceTotal(ms)": 1.9938879410425823
}