{
  "dataset": "JDT",
  "score": 0.7847232079338639,
  "PD": 0.8550724513757616,
  "PF": 0.14448669146583007,
  "FIR": 0.6082474164098205,
  "Balance": 0.8552927120685123,
  "params": {
    "d_block": 128,
    "n_blocks": 3,
    "degree": 2,
    "batch_size": 128,
    "lr": 0.0005021901153086527
  },
  "KAN_Params": 42040,
  "input_dim": 61,
  "InferenceTotal(ms)": 5.6866559982299805
}