{
  "dataset": "LC",
  "score": 0.7209629840877874,
  "PD": 0.7272726942148775,
  "PF": 0.22488038169913693,
  "FIR": 0.2539682499370119,
  "Balance": 0.7500486353368307,
  "params": {
    "d_block": 64,
    "n_blocks": 1,
    "degree": 2,
    "batch_size": 64,
    "lr": 0.00024600905488550147
  },
  "KAN_Params": 4216,
  "input_dim": 61,
  "InferenceTotal(ms)": 4.642186641693115
}