{
  "dataset": "ProjectL",
  "score": 0.9674263937522678,
  "PD": 0.9999999600000016,
  "PF": 0.009584664526533903,
  "FIR": 0.7352940960207619,
  "Balance": 0.9932226187178307,
  "params": {
    "d_block": 256,
    "n_blocks": 1,
    "degree": 5,
    "batch_size": 256,
    "lr": 0.00966601947278023
  },
  "KAN_Params": 3657,
  "input_dim": 12,
  "InferenceTotal(ms)": 10.465440114339193
}