{
  "dataset": "ProjectK",
  "score": 0.9564074191340443,
  "PD": 0.983999992128,
  "PF": 0.02661064422043327,
  "FIR": 0.8661971769986114,
  "Balance": 0.9780440595996147,
  "params": {
    "d_block": 128,
    "n_blocks": 2,
    "degree": 3,
    "batch_size": 64,
    "lr": 0.00987047498382734
  },
  "KAN_Params": 18865,
  "input_dim": 12,
  "InferenceTotal(ms)": 19.726709365844727
}