{
  "dataset": "ProjectA",
  "score": 0.9638085009158823,
  "PD": 0.9999999642857155,
  "PF": 0.02960526310920187,
  "FIR": 0.6086956389413992,
  "Balance": 0.9790659176966562,
  "params": {
    "d_block": 256,
    "n_blocks": 2,
    "degree": 5,
    "batch_size": 128,
    "lr": 0.00473869894786692
  },
  "KAN_Params": 70985,
  "input_dim": 12,
  "InferenceTotal(ms)": 13.651679674784342
}