{
  "dataset": "safe",
  "score": 0.7288409945136417,
  "PD": 0.857142734693895,
  "PF": 0.09090908264462885,
  "FIR": 0.857142734693895,
  "Balance": 0.8802655864882054,
  "params": {
    "d_block": 64,
    "n_blocks": 1,
    "degree": 2,
    "batch_size": 128,
    "lr": 0.007894850648533513
  },
  "KAN_Params": 1871,
  "input_dim": 26,
  "InferenceTotal(ms)": 0.8542079925537109
}