{
  "dataset": "zxing",
  "score": 0.6326434655073035,
  "PD": 0.6153845996055232,
  "PF": 0.27659574173834317,
  "FIR": 0.47999999040000024,
  "Balance": 0.6650117833651548,
  "params": {
    "d_block": 64,
    "n_blocks": 3,
    "degree": 4,
    "batch_size": 128,
    "lr": 0.0014786451247378856
  },
  "KAN_Params": 10883,
  "input_dim": 26,
  "InferenceTotal(ms)": 4.00543999671936
}