{
  "dataset": "apache",
  "score": 0.7454510591372614,
  "PD": 0.7499999765625008,
  "PF": 0.21874999316406274,
  "FIR": 0.7741935234131121,
  "Balance": 0.7651047347986473,
  "params": {
    "d_block": 128,
    "n_blocks": 3,
    "degree": 2,
    "lr": 0.002819605109333714,
    "batch_size": 256
  },
  "Model_Params": 187275,
  "Single_Params": 37455,
  "InferenceTotal(ms)": 3.595914602279663
}