{
  "dataset": "EQ",
  "score": 0.7615621972880572,
  "PD": 0.7906976560302871,
  "PF": 0.24615384236686397,
  "FIR": 0.6799999864000003,
  "Balance": 0.7715276982835918,
  "params": {
    "d_block": 128,
    "n_blocks": 4,
    "degree": 3,
    "lr": 0.0005356822172750756,
    "batch_size": 64
  },
  "Model_Params": 296905,
  "Single_Params": 59381,
  "InferenceTotal(ms)": 12.559370358784994
}