{
  "dataset": "JDT",
  "score": 0.7891156340762594,
  "PD": 0.7826086843100191,
  "PF": 0.1292775660483743,
  "FIR": 0.6136363566632232,
  "Balance": 0.8211541540588477,
  "params": {
    "d_block": 64,
    "n_blocks": 4,
    "degree": 4,
    "lr": 0.0005484406817923178,
    "batch_size": 64
  },
  "Model_Params": 88890,
  "Single_Params": 17778,
  "InferenceTotal(ms)": 58.39831415812174
}