{
  "dataset": "LC",
  "score": 0.7179416387288834,
  "PD": 0.7619047256235845,
  "PF": 0.153110047114306,
  "FIR": 0.3333333263888891,
  "Balance": 0.7998350102943504,
  "params": {
    "d_block": 64,
    "n_blocks": 3,
    "degree": 2,
    "lr": 0.00013392279799993352,
    "batch_size": 64
  },
  "Model_Params": 64600,
  "Single_Params": 12920,
  "InferenceTotal(ms)": 23.63477325439453
}