{
  "dataset": "safe",
  "score": 0.7500592818806074,
  "PD": 0.857142734693895,
  "PF": 0.09090908264462885,
  "FIR": 0.857142734693895,
  "Balance": 0.8802655864882054,
  "params": {
    "d_block": 256,
    "n_blocks": 4,
    "degree": 3,
    "lr": 0.0021834550157174134,
    "batch_size": 128
  },
  "Model_Params": 1038605,
  "Single_Params": 207721,
  "InferenceTotal(ms)": 6.34334929784139
}