{
  "dataset": "zxing",
  "score": 0.6264692680685116,
  "PD": 0.7435897245233405,
  "PF": 0.34042552829334544,
  "FIR": 0.47540982827197004,
  "Balance": 0.6986399415285598,
  "params": {
    "d_block": 128,
    "n_blocks": 2,
    "degree": 5,
    "lr": 0.003004323249004362,
    "batch_size": 256
  },
  "Model_Params": 105105,
  "Single_Params": 21021,
  "InferenceTotal(ms)": 3.841759999593099
}