{
  "dataset": "apache",
  "adjusted_score": 0.825857978112742,
  "PD": 0.8076923076923077,
  "PF": 0.15384615384615385,
  "FIR": 0.40476190476190477,
  "Balance": 0.825857978112742,
  "params": {
    "d_block": 256,
    "n_blocks": 1,
    "degree": 5,
    "k": 4,
    "batch_size": 64,
    "lr": 0.0076399286770422814
  }
}