{
  "dataset": "EQ",
  "adjusted_score": 0.8554490732848758,
  "PD": 0.8461538461538461,
  "PF": 0.1346153846153846,
  "FIR": 0.42045454545454547,
  "Balance": 0.8554490732848758,
  "params": {
    "d_block": 64,
    "n_blocks": 1,
    "degree": 4,
    "k": 2,
    "batch_size": 64,
    "lr": 0.009934911077794118
  }
}