{
  "dataset": "JDT",
  "adjusted_score": 0.966434804690512,
  "PD": 0.9620253164556962,
  "PF": 0.028481012658227847,
  "FIR": 0.48519736842105265,
  "Balance": 0.966434804690512,
  "params": {
    "d_block": 128,
    "n_blocks": 1,
    "degree": 3,
    "k": 8,
    "batch_size": 128,
    "lr": 0.008109918850330454
  }
}