{
  "dataset": "ProjectL",
  "adjusted_score": 0.998223011994669,
  "PD": 0.998223011994669,
  "PF": 0.001776988005330964,
  "FIR": 0.4991099243435692,
  "Balance": 0.998223011994669,
  "params": {
    "d_block": 256,
    "n_blocks": 1,
    "degree": 5,
    "k": 4,
    "batch_size": 256,
    "lr": 0.003954404396553768
  }
}