{
  "dataset": "ProjectK",
  "adjusted_score": 0.9940863152069752,
  "PD": 0.991822429906542,
  "PF": 0.0017523364485981308,
  "FIR": 0.4991166077738516,
  "Balance": 0.9940863152069752,
  "params": {
    "d_block": 64,
    "n_blocks": 3,
    "degree": 2,
    "k": 8,
    "batch_size": 64,
    "lr": 0.006982912539424532
  }
}