{
  "dataset": "ProjectA",
  "adjusted_score": 0.9980003594324948,
  "PD": 0.9972565157750343,
  "PF": 0.0006858710562414266,
  "FIR": 0.49965612104539203,
  "Balance": 0.9980003594324948,
  "params": {
    "d_block": 256,
    "n_blocks": 1,
    "degree": 3,
    "k": 8,
    "batch_size": 64,
    "lr": 0.004626602309345967
  }
}