{
  "dataset": "safe",
  "adjusted_score": 0.9629629629629629,
  "PD": 0.9629629629629629,
  "PF": 0.037037037037037035,
  "FIR": 0.4807692307692307,
  "Balance": 0.9629629629629629,
  "params": {
    "d_block": 64,
    "n_blocks": 2,
    "degree": 5,
    "k": 4,
    "batch_size": 128,
    "lr": 0.008463963746045187
  }
}