{
  "dataset": "zxing",
  "adjusted_score": 0.7622118382329701,
  "PD": 0.8355555555555556,
  "PF": 0.29333333333333333,
  "FIR": 0.32446808510638303,
  "Balance": 0.7622118382329701,
  "params": {
    "d_block": 256,
    "n_blocks": 1,
    "degree": 5,
    "k": 8,
    "batch_size": 128,
    "lr": 0.009127461929357518
  }
}